[{"website":"www.merdekapalace.com\/","description":"Hotel Class: 3.5 star ","longitude":"110.343986","location":"Jalan Tun Abang Haji Openg, P.O. Box A298, Kuching 93000, Malaysia ","latitude":"1.556391","price_range":"RM179 - 414 ","name":"Merdeka Palace Hotel","id":"0","picture":"..\/img\/places\/accomodation\/Merdeka_Palace_Hotel.png"},{"website":"www.kuchingwaterfrontlodge.com\/","description":"Welcome to the Kuching Waterfront Lodge, refurbished with Colonial, Nyonya & Baba decor. Kuching Waterfront Lodge is located at Main Bazaar, one of the oldest & busiest streets in Kuching, where trading took place since a long time ago in the era of James Brooke (The White Rajah). Today, the Main Bazaar is still buzzing with people, entertainment & business activities, with traditional spices, antiques, jewelries shops and cafes","longitude":"110.346153","location":"No. 15, Main Bazaar, Kuching 93000, Malaysia ","latitude":"1.559276","price_range":"RM44 - 128","name":"Kuching Waterfront Lodge","id":"1","picture":"..\/img\/places\/accomodation\/Kuching_Waterfront_Lodge.png"},{"website":"misterdbnb.com\/guest\/index.htm","description":"Located at the city center, we have free personal lockers, internet access, included breakfast, laundry service, 24 hour key card security access, free tour information.","longitude":"110.345922","location":"No. 26 Carpenter Street (China Town), Kuching 93100, Malaysia ","latitude":"1.558246","price_range":"RM41 - 60","name":"Mr. Ds Bed & Breakfast","id":"2","picture":"..\/img\/places\/accomodation\/Mr._Ds_Bed_&_Breakfast.png"},{"website":"www.backpackerstay.com\/","description":"Ranked #7 of 33 Speciality lodging in Kuching","longitude":"110.345611","location":"No.23 Carpenter Street,, Kuching 93100, Malaysia ","latitude":"1.558568","price_range":"RM20-85","name":"Backpackers Stay","id":"3","picture":"..\/img\/places\/accomodation\/Backpackers_Stay.png"},{"website":"www.booking.com\/hotel\/my\/batu-bata-guesthouse.en.html?aid=311984;label=batu-bata-guesthouse-yV_NDjtTIX2k8TkpWM0ZlAS27363629953:pl:ta:p1:p2:ac:ap1t1:neg;ws=&gclid=CKH02Ji7n7YCFQQb6wodgEMAjw","description":"Conveniently located just a 5-minute walk from the waterfront, Batu Bata Guesthouse provides comfortable accommodation and shared modern bathroom facilities. Wi-Fi is available for free throughout the guesthouse. It also features a rooftop dining area and a common pantry.Guests can visit the beautiful Bako National Park, the Semengoh Wildlife Centreand Sarawak Cultural Village located a 45-minute drive away. The Sarawak Museum is only a 5-minute walk away, while Kuching International Airport is a 20-minute drive away.The rooms are equipped with air conditioning or a fan, and come fitted with freshly laundered beddings. The rooms have large windows or warm lighting.Batu Bata Kuching Guesthouse provides free parking on site. It also offers luggage storage services. There are many food options within a short walk of the guesthouse.Conveniently located just a 5-minute walk from the waterfront, Batu Bata Guesthouse provides comfortable accommodation and shared modern bathroom facilities. Wi-Fi is available for free throughout the guesthouse. It also features a rooftop dining area and a common pantry.Guests can visit the beautiful Bako National Park, the Semengoh Wildlife Centreand Sarawak Cultural Village located a 45-minute drive away. The Sarawak Museum is only a 5-minute walk away, while Kuching International Airport is a 20-minute drive away.The rooms are equipped with air conditioning or a fan, and come fitted with freshly laundered beddings. The rooms have large windows or warm lighting.Batu Bata Kuching Guesthouse provides free parking on site. It also offers luggage storage services. There are many food options within a short walk of the guesthouse.Conveniently located just a 5-minute walk from the waterfront, Batu Bata Guesthouse provides comfortable accommodation and shared modern bathroom facilities. Wi-Fi is available for free throughout the guesthouse. It also features a rooftop dining area and a common pantry.Guests can visit the beautiful Bako National Park, the Semengoh Wildlife Centreand Sarawak Cultural Village located a 45-minute drive away. The Sarawak Museum is only a 5-minute walk away, while Kuching International Airport is a 20-minute drive away.The rooms are equipped with air conditioning or a fan, and come fitted with freshly laundered beddings. The rooms have large windows or warm lighting.Batu Bata Kuching Guesthouse provides free parking on site. It also offers luggage storage services. There are many food options within a short walk of the guesthouse.","longitude":"110.345306","location":"No. 8, 1st Floor, Carpenter Street, 93100 Kuching","latitude":"1.558643","price_range":"RM30-90","name":"Batu Bata Guesthouse","id":"5","picture":"..\/img\/places\/accomodation\/Batu_Bata_Guesthouse.png"},{"website":"www.booking.com\/hotel\/my\/berambih-lodge.en.html?aid=311984;label=berambih-lodge-7Mfr7LNfBTwJ7*T2o6etrQS7852211833:pl:ta:p1:p2:ac:ap1t1:neg;ws=&gclid=CKTkkKy7n7YCFYwa6wodSkUAiA","description":"Located along Ewe Hai Street, Berambih Lodge is set in the heart of Kuching City. It offers a games room, a library and affordable accommodation with free Wi-Fi.Berambih Lodge is a short stroll from the famous Kuching Waterfront. It is 20 metres from the Chinese Tua Pek Kong Temple.Each room at Berambih is air-conditioned and comes with coffee\/tea and drinking water. Fresh bed linen is provided. Bathrooms are shared.Guests can arrange for heritage tours or village experience tours at the tour desk. There is a souvenir shop and a coffee shop on site. Landry service is offered at Berambih Lodge.","longitude":"110.34788","location":"No 104,Ewe Hai Street, 93400 Kuching ","latitude":"1.557565","price_range":"RM50","name":"Berambih Lodge","id":"6","picture":"..\/img\/places\/accomodation\/Berambih_Lodge.png"},{"website":"www.hostelbookers.com\/hostels\/malaysia\/kuching\/17360\/","description":"A 5-minute walk from the Kuching Waterfront and Main Bazaar, B&B Inn offers dormitory-style rooms with free Wi-Fi. There is a shared kitchen, outdoor terrace and barbecue facilities. Massage is available upon request.Simply furnished, rooms come with either a fan or air conditioning. Shared bathrooms and toilets are available for guests usage. Some rooms have a private bathroom.Centrally located in Kuching City, B&B Inn is a 10-minute walk from China Town and India Street. It is a 15-minute drive from Kuching International Airport. Free parking is available.Guests can arrange a day trip or rent a car at the tour desk. There is also a small library and luggage storage service","longitude":"110.348508","location":"30-I, Jalan Tabuan, 93100 Kuching ","latitude":"1.554353","price_range":"RM45-70","name":"B&B Inn","id":"7","picture":"..\/img\/places\/accomodation\/B&B_Inn.png"},{"website":"www3.hilton.com\/en\/hotels\/malaysia\/hilton-kuching-hotel-KUCHITW\/index.html?WT.srch=1","description":"Located on the banks of Sarawak River, Hilton Kuching Hotel offers guests a convenient location, warm service, scenic views and good-sized guestrooms at reasonable prices.Hilton Kuching Hotel enjoys a great location close to Kuchings old and new districts. Nearby are convenient transport links. Guests can also enjoy easy access to attractions, such as the Semenggoh Wildlife Park and Sarawak Cultural Village.After a fun day filled with river cruises and shopping bazaars, return to the comfort of your Hilton room for rest and relaxation. The contemporary, spacious rooms of Hilton Kuching are furnished in soothing tones and come with large windows that open up to scenic city or river views.Hilton Kuching Hotel also provides a host of facilities, such as a beautiful outdoor pool and modern fitness centre. The hotel also has a range of restaurants offering an excellent choice of cuisine, from fine local dining to elegant western favourites.Located on the banks of Sarawak River, Hilton Kuching Hotel offers guests a convenient location, warm service, scenic views and good-sized guestrooms at reasonable prices.Hilton Kuching Hotel enjoys a great location close to Kuchings old and new districts. Nearby are convenient transport links. Guests can also enjoy easy access to attractions, such as the Semenggoh Wildlife Park and Sarawak Cultural Village.After a fun day filled with river cruises and shopping bazaars, return to the comfort of your Hilton room for rest and relaxation. The contemporary, spacious rooms of Hilton Kuching are furnished in soothing tones and come with large windows that open up to scenic city or river views.Hilton Kuching Hotel also provides a host of facilities, such as a beautiful outdoor pool and modern fitness centre. The hotel also has a range of restaurants offering an excellent choice of cuisine, from fine local dining to elegant western favourites.","longitude":"110.350471","location":"Jalan Tunku Abdul Rahman, 93100 Kuching","latitude":"1.55712","price_range":"RM300-700","name":"Hilton Kuching Hotel","id":"8","picture":"..\/img\/places\/accomodation\/Hilton_Kuching_Hotel.png"},{"website":"www.pinnacleskuching.com\/","description":"Located a 2-minute walk from Kuching Waterfront, Grand Pinnacles Kuching Lodge offers a 24-hour front desk and library. Modern rooms come with either shared or private bathroom facilities. Free Wi-Fi is available in public areas of the hotel.Grand Pinnacles Kuching Lodge is a 10-minute walk from Main Bazaar and a 15-minute walk from India Street. Kuching International Airport is a 20-minute drive away.All rooms are air-conditioned and come with ironing facilities. Bathroom toiletries and shower facilities are provided. Select rooms come with a TV.Sightseeing arrangements can be made at the tour desk. Laundry and dry cleaning services are available. Guests can also request for fax and photocopying services.Located a 2-minute walk from Kuching Waterfront, Grand Pinnacles Kuching Lodge offers a 24-hour front desk and library. Modern rooms come with either shared or private bathroom facilities. Free Wi-Fi is available in public areas of the hotel.Grand Pinnacles Kuching Lodge is a 10-minute walk from Main Bazaar and a 15-minute walk from India Street. Kuching International Airport is a 20-minute drive away.All rooms are air-conditioned and come with ironing facilities. Bathroom toiletries and shower facilities are provided. Select rooms come with a TV.Sightseeing arrangements can be made at the tour desk. Laundry and dry cleaning services are available. Guests can also request for fax and photocopying services.","longitude":"110.350606","location":"Level 1 Lot 21,Blok G, Taman Sri Sarawak Mall, Jalan Borneo, 93100 Kuching","latitude":"1.556509","price_range":"RM120-150","name":"Grand Pinnacles Kuching Lodge","id":"9","picture":"..\/img\/places\/accomodation\/Grand_Pinnacles_Kuching_Lodge.png"},{"website":"www.tunehotels.com\/our-hotels\/waterfront-kuching?s_kwcid=TC|1028434|tune%20hotel%20kuching||S|e|20452527540&gclid=CKCj-eC7n7YCFRFj6wodzykA3w","description":"Located in the heart of Kuching City Centre, Tune Hotel - Waterfront Kuching is just a 15-minute drive from Kuching International Airport. It offers basic rooms with an attached bathroom. A 24-hour front desk is available.Kuching\u2019s Tune Hotel is surrounded by numerous shopping and nightlife options. It is just a 5-minute walk from Tun Jugah Complex.Rooms come with both air conditioning and a fan. Bed linen, hot water supply and towels are provided. TV programs are available at a charge.Luggage storage facilities are provided at the front desk. Guests can visit a variety of eateries just a 5-minute walk from the hotel.","longitude":"110.350842","location":"  Jalan Borneo, Off Jalan Tunku Abdul Rahman, 93100 Kuching, Sarawak, Malaysia., 93100 Kuching","latitude":"1.557694","price_range":"RM80-100","name":"Tune Hotel - Waterfront Kuching","id":"10","picture":"..\/img\/places\/accomodation\/Tune_Hotel_-_Waterfront_Kuching.png"},{"website":"www.pullmankuching.com\/","description":"Located atop Hills Shopping Mall in Jalan Mathies, Pullman Kuching offers accommodation in Kuching\u2019s Golden Triangle. The hotel features 5 food and beverage options, an outdoor pool, and a spa.The Pullman Hotel is within walking distance of the Kuching Waterfront. It is 11 km away from Kuching International Airport.Pullman Kuching\u2019s rooms feature floor-to-ceiling windows with panoramic city views. Amenities include a safety deposit box and a flat-screen TV with cable channels. En suite bathrooms have a bathtub and separate rain shower.Pullman Kuching features a fitness centre and a business centre, which offers a lounge and secretarial services. The concierge provides travel assistance. Wi-Fi is free in public areas.Puzzle Restaurant serves international buffet and \u00e0 la carte meals, while Chinese dishes are prepared at Nu Er Hong\u2019s open kitchen. Dancing and DJ music can be enjoyed at Liquid, the poolside bar.","longitude":"110.351104","location":"No 1A Jalan Mathies, 93100 Kuching","latitude":"1.555946","price_range":"RM250-300","name":"Pullman Kuching","id":"11","picture":"..\/img\/places\/accomodation\/Pullman_Kuching.png"},{"website":"www.grandmargherita.com\/gmh\/","description":"Offering riverfront accommodation in central Kuching, Grand Margherita is situated beside Sarawak Plaza Shopping Complex. Boasting an outdoor pool and 4 dining options, it also offers a spa. Free Wi-Fi and free wired internet are provided in all rooms.Grand Margherita Hotel is a 2-minute walk from the Kuching Waterfront and a 5-minute boat ride from Fort Margherita. Kuching International Airport is a 20-minute drive away.The modern rooms at Grand Margherita come with air conditioning and a satellite TV. In addition to tea\/coffee making facilities and a minibar, 24-hour room service is available.Guests of Grand Margherita Hotel can visit the library or exercise in the fitness room. The hotel has a tour desk and provides shuttle services to Damai and Santubong.Orchid Garden Coffee House serves local and European dishes, while Meisan Szechuan Restaurant offers Chinese specialities. Rajang Lobby Lounge features drinks, accompanied with music.","longitude":"110.352864","location":"Jalan Tunku Abdul Rahman, 93100 Kuching","latitude":"1.557941","price_range":"RM250-650","name":"Grand Margherita Hotel","id":"12","picture":"..\/img\/places\/accomodation\/Grand_Margherita_Hotel.png"},{"website":"www.booking.com\/hotel\/my\/ariva-gateway-kuching.en.html?aid=311984;label=ariva-gateway-kuching-yeXZYq*yZSvYnEqhNlJE7gS9066261913:pl:ta:p1:p2:ac:ap1t2:neg;ws=&gclid=CJqys4O8n7YCFcV66wodnSQAZQ","description":"Just 15 minutes drive from Kuching International Airport, Ariva Gateway Kuching offers air-conditioned service apartments with free Wi-Fi. There is also a rooftop pool, sauna and fitness room.Elegantly furnished, apartments are each equipped with a cable TV, minibar and personal safe. Some apartments have full kitchen facilities and washing machines. En suite bathrooms have shower facilities.Ariva Gateway Kuching is within a 10-minute walk from Kuching Waterfront and the Riverside Shopping Complex. Free parking is available on-site.A business centre takes care of guests professional needs. The hotel also provides laundry and dry cleaning services.A daily Continental breakfast is served at the Residents Lounge","longitude":"110.351743","location":"No. 9 Jalan Bukit Mata, 93100 Kuching, Sarawak., 93100 Kuching","latitude":"1.555731","price_range":"RM130-300","name":"Ariva Getaway Kuching","id":"13","picture":"..\/img\/places\/accomodation\/Ariva_Getaway_Kuching.png"},{"website":"www.batikboutiquehotel.com\/","description":"Batik Boutique Hotel is centrally located in Kuchings central business district. It offers free private parking and stylish rooms with free internet access. It also has a rooftop terrace and an outdoor courtyard.Rooms have a 32-inch flat screen TV, minibar, tea\/coffee maker and a private bathroom with a bathtub and rain shower. Room service is available.Batik Boutique Hotel is a 30-minute drive from Kuching International Airport.","longitude":"110.353567","location":"38 Jalan Padungan, 93100 Kuching","latitude":"1.556579","price_range":"Rm250","name":"Batik Boutique Hotel","id":"14","picture":"..\/img\/places\/accomodation\/Batik_Boutique_Hotel.png"},{"website":"www.abellhotel.com\/","description":"Abell Hotel is located in the heart of historical Kuching, a 5-minute walk from Waterfront Promenade. Showcasing modern and colourful rooms with free internet access, it also offers a restaurant.Guests can board the water taxi from Waterfront Promenade to head across Sarawak River to the Malay villages. Semenggoh Wildlife Rehabilitation Centre is a 45-minute drive away, while Kuching International Airport is 11 km from Hotel Abell.A flat-screen TV is featured in each of Abell\u2019s non-smoking rooms. In addition, a tea\/coffee maker and minibar are included. Attached bathrooms come with shower facilities and a hairdryer.A business centre and tour desk are available to assist guests with their communication needs and sightseeing arrangements. A laundry service is offered.Premium meats and a seafood selection can be enjoyed at Carvery Restaurant and Bar, which also serves a variety of drinks","longitude":"110.353958","location":"22, Jalan Tunku Abdul Rahman, 93100 Kuching","latitude":"1.557002","price_range":"RM180-260","name":"Abell Hotel","id":"15","picture":"..\/img\/places\/accomodation\/Abell_Hotel.png"},{"website":"www.booking.com\/hotel\/my\/the-room.en.html","description":"Located in the heart of Kuching City, this budget motel is a 15-minute drive from Kuching International Airport. It features air-conditioned rooms with free Wi-Fi access.The Room is a 5-minute drive from the Sarawak Museum and a 10-minute drive from the Sunday Market, which offers a variety of local products. There are various dining and shopping outlets around the motel.Fitted with tiled flooring, simply furnished rooms feature bright green doors and beds with local furnishings. They offer a private bathroom with hot shower facilities and toiletries. Free bottled water is provided.Open round-the-clock, Room\u2019s front desk offers laundry and luggage storage services.","longitude":"110.353116","location":"No.6, Padungan Arcade, Jalan Song Thian Cheok, 93100 Kuching","latitude":"1.55505","price_range":"RM48-68","name":"The Room","id":"16","picture":"..\/img\/places\/accomodation\/The_Room.png"},{"website":"www.360xpress.com.my\/","description":"Centrally located in Kuching\u2019s city centre, this hotel offers stylish and affordable rooms with a flat-screen TV and free internet access. It has a restaurant and a 24-hour front desk.Situated along the Kuching Waterfront, 360 Xpress City Centre is a 10-minute walk from Tua Pek Kong Chinese Temple and about 8 km from Kuching Airport.Air-conditioned rooms at 360 Xpress Hotel are equipped with an open concept glass-walled bathroom with toiletries and a hairdryer. In addition to a personal safe, bottled water and a minibar are included.360 Express City Centre offers a self-service laundry area and an airport shuttle service. Guests who drive can park on the hotel premises for free.","longitude":"110.353116","location":"Jalan Song Thian Cheok, 93100 Kuching","latitude":"1.5546","price_range":"RM80-100","name":"360 Xpress City Centre","id":"17","picture":"..\/img\/places\/accomodation\/360_Xpress_City_Centre.png"},{"website":"www.depalmahotel.com\/kuching.html","description":"De Palma Waterfront Kuching is just 5 minutes\u2019 walk from the Kuching Waterfront along Sarawak River. Featuring colourful interiors, the hotel offers Wi-Fi access and has a 24-hour front desk.Spacious and clean, air-conditioned rooms come with a flat-screen TV and tea\/coffee making facilities. Rooms have either shared or private bathrooms. Some rooms also feature views of the Kuching Waterfront.De Palma Waterfront Kuching is a 10-minute drive from the Sarawak Museum and the Sunday Market. Kuching International Airport is 30 minutes away by car.Guests can relax in the common lounge, which has a TV and a mini library. Staff can assist with tour bookings, including river cruises.For dining, a 5-minute walk from the hotel will bring guests to 24-hour restaurants, fast food outlets, and convenience stores.","longitude":"110.355777","location":"Lot 299-303, Section 49, KTLD Jalan Abell, 93100 Kuching","latitude":"1.557737","price_range":"RM60-110","name":"De Palma Waterfront Kuching","id":"18","picture":"..\/img\/places\/accomodation\/De_Palma_Waterfront_Kuching.png"},{"website":"www.booking.com\/hotel\/my\/city-inn-kuching.en.html?aid=311984;label=city-inn-kuching-YC_r3et8Yx*UzXVptQRf9AS23343247633:pl:ta:p1:p2:ac:ap1t1:neg;ws=&gclid=CLqm8cy8n7YCFdFt6wodPkAAfw","description":"A 5-minute walk from the Kuching Waterfront and Kuching Town, City Inn provides non-smoking rooms with free Wi-Fi. There is a Halal-certified restaurant within a 5-minute walk from the inn. Daily newspapers and luggage storage services are also available.The air-conditioned guestrooms all come with a flat-screen TV, ironing facilities and an electric kettle. En suite bathrooms are equipped with a bathtub.City Inn is a 15-minute drive from Kuching International Airport. Parking is free.","longitude":"110.355321","location":"Lot 275 - 276, Abell Road, Kuching, Sarawak, Malaysia, 93100 Kuching","latitude":"1.557061","price_range":"RM70-80","name":"City Inn","id":"19","picture":"..\/img\/places\/accomodation\/City_Inn.png"},{"website":"www.booking.com\/hotel\/my\/kapit.en.html?aid=311984;label=kapit-7jLCMlvn7BbGiqwvX0XErQS10783301713:pl:ta:p1:p2:ac:ap1t1:neg;ws=&gclid=CILI29W8n7YCFVEU6wodLUYAFQ","description":"Kapit Hotel is within a 5-minute walk from the Kuching Waterfront, Main Bazaar, China Town and India Street. Its affordable rooms come with free Wi-Fi. There is a 24-hour coffee shop just next door.The basic air-conditioned rooms all come with a cable\/satellite TV and a writing desk. En suite bathrooms are equipped with shower facilities.Centrally located in Kuching City, Kapit Hotel is a 15-minute drive from Kuching International Airport. It is a 5-minute drive from many shopping malls and local eateries.The front desk operates 24 hours. For guests convenience, there is a money changer next to the hotel.","longitude":"110.354581","location":"59, Padungan Road, 93100 Kuching","latitude":"1.556359","price_range":"RM90-120","name":"Kapit Hotel","id":"20","picture":"..\/img\/places\/accomodation\/Kapit_Hotel.png"},{"website":"www.grandcontinental-hotels.com\/Kuching\/index.php","description":"Centrally located in Kuching, just a 15-minute drive to Kuching International Airport, it offers modern rooms with free Wi-Fi. It features an outdoor swimming pool and free private parking.Rooms are simply furnished and come equipped with air conditioning, minibar and tea\/coffee making facilities. En suite bathrooms come with toiletries and shower.Guests can dine at Brasserie Kuching Coffee House, which has Halal certification. Hotel Grand Continental also offers a business centre, laundry services and 24-hour room service.Sarawakian handicrafts can be purchased just a 10-minute walk away. It is also a short stroll from a variety of attractions including Kuching Waterfront and Sarawak Museum.","longitude":"110.353572","location":"Lot 42, Section 46, Ban Hock Road, 93100 Kuching","latitude":"1.552434","price_range":"Rm140-250","name":"Hotel Grand Continental Kuching","id":"21","picture":"..\/img\/places\/accomodation\/Hotel_Grand_Continental_Kuching.png"},{"website":"www.booking.com\/hotel\/my\/tai-pan.en.html?aid=311984;label=tai-pan-t4yWLMLIre0SmKCX3EEzLAS21085915273:pl:ta:p1:p2:ac:ap1t1:neg;ws=&gclid=CNv8ufO8n7YCFYR66wodfT0ANQ","description":"Tai Pan Hotel is located in Kuching, just 5 minutes walk from Parkson Shopping Mall, the Waterfront and Sarawak Plaza. Fitted with free Wi-Fi, rooms come with air conditioning and city views. Newspapers and luggage storage are provided at the 24-hour front desk.All guestrooms come with a flat-screen TV and wooden flooring. En suite bathrooms are equipped with hot-water showers.Tai Pan Hotel is a 20-minute drive from Kuching International Airport. Free parking is available at a location nearby. There are several local eateries within a 2-minute walk away.","longitude":"110.35531","location":"93-95, Jalan Padungan, 93100 Kuching","latitude":"1.556235","price_range":"Rm65-75","name":"Tai Pan Hotel","id":"22","picture":"..\/img\/places\/accomodation\/Tai_Pan_Hotel.png"},{"website":"www.limetreehotel.com.my\/","description":"The LimeTree Hotel offers boutique accommodation in Kuchings Padungan Area (Chinatown), a 10-minute walk from The Riverside Waterfront. It features free Wi-Fi, a rooftop lounge and free parking.The LimeTree Hotel is within a 5-minute stroll from Tun Jungah Mall, Sarawak Plaza and Riverside Plaza. Kuching Airport is about 8 km from the hotel.Fitted with stylish wooden floors, rooms at the LimeTree Hotel come with flat-screen satellite TVs and tea\/coffee making facilities. The en suite bathroom features a rainshower and lime-scented toiletries. All rooms are non-smoking.Guests may read emails at the business centre, or arrange for transport to explore the area. Laundry and dry cleaning services are also available.Aside from fresh juice and fragrant coffee, Cafe Sublime also serves delicious lime-inspired local dishes. The LimeLight Rooftop Lounge features lime cocktails and views of the Sarawak River.","longitude":"110.356442","location":"Lot 317 Abell Road, 93100 Kuching","latitude":"1.556198","price_range":"RM140-200","name":"The LimeTree Hotel, Kuching","id":"23","picture":"..\/img\/places\/accomodation\/The_LimeTree_Hotel,_Kuching.png"},{"website":"www.riversidemajestic.com\/rmh\/","description":"Riverside Majestic Hotel, where we treat you with majesty, is strategically located in the heart of Kuching\u2019s business, entertainment, dining and shopping district just 20 minutes drive from the Kuching International Airport. With a designated 18th floor for meeting suites, it is the ideal place for business meetings and leisure.Overlooking the Sarawak River, the hotel commands a panoramic view of the city and the Kuching Waterfront across, where fitness enthusiasts enjoy their morning jogs and evening strolls along the 1.7km scenic stretch. ","longitude":"110.351839","location":"Jalan Tunku Abdul RahmanP.O. Box 2928, 93756 Kuching, Sarawak, Malaysia","latitude":"1.557716","price_range":"RM200-650","name":"Riverside Majestic","id":"24","picture":"..\/img\/places\/accomodation\/Riverside_Majestic.png"},{"website":"http:\/\/www.rafflesiainn.com","description":"The Inn is conveniently close to some of Kuching\u2019s key attractions and no more than a few minutes\u2019 walk from an array of some of Kuching\u2019s major tourist attractions, restaurants, cafes & shops, banks, city shopping malls, other 5-star hotels, and franchise outlets. A stroll by the calm city centre which stretches from Chinatown Padungan to the picturesque Kuching Waterfront takes only about 10 minute walk. Contact No: +60 (082) 428288","longitude":"110.354532","location":"262 Chan Chin Ann Road, Kuching 93100, Sarawak","latitude":"1.558279","price_range":"Room rates: RM 70-RM 120","name":"Rafflesia Inn","id":"4","picture":"..\/img\/places\/accomodation\/Rafflesia_Inn.png"},{"website":"www.singgahsana.com\/main.html","description":"Strategically located along Temple Street in the heart of beautiful Kuching City. It is 20 steps from Kuching Waterfront and 15 steps diagonally across from the oldest Chinese Tua Pek Kong Temple. It is straddled between the old and new quarters of the city, is is near to the quaint narrow alleyways in old Kuching where tinsmiths noisily go about their work, spice and textile traders sell their merchandise, and then spend the afternoon wandering around modern malls in new Kuching. Tel: +60 (82)429277, Email: info@singgahsana.com","longitude":"110.348523","location":"No. 1 Temple Street, 93000 Kuching, Sarawak, Malaysia","latitude":"1.557367","price_range":"Room rates: RM 30.00 - RM 150.00\r\n","name":"Singgahsana Lodge","id":"25","picture":"..\/img\/places\/accomodation\/Singgahsana_Lodge.png"},{"website":"www.harbourview.com.my","description":"Strategically located at the frontier of Kuching\u2019s Golden Triangle.","longitude":"110.349031","location":"Lorong Temple, 93100 Kuching, Sarawak","latitude":"1.556904","price_range":"Room rates: RM 150- RM 300\r\n","name":"Harbour View Hotel","id":"26","picture":"..\/img\/places\/accomodation\/Harbour_View_Hotel.png"},{"website":"http:\/\/www.borneohotelgroup.com","description":"Borneo hotel is centrally located to shops, restaurants, tourist attraction spots and entertainment. Tel: +60 82 244 122","longitude":"110.3483566","location":"30E, Ground Floor, Jalan Tabuan, 93100, Kuching, Sarawak\u00a0\u00a093100\r\n","latitude":"1.5545012","price_range":"Room rates: RM 100 - RM 250","name":"Borneo Hotel","id":"27","picture":"..\/img\/places\/accomodation\/Borneo_Hotel.png"},{"website":"http:\/\/theranee.com","description":"An exclusive boutique suite hotel in the heart of Kuching\u2019s picturesque Old Town, the Ranee is directly facing the waterfront, the Fort and the Palace. Contact No.:+60 (82) 258833, Email: reservations@theranee.com","longitude":"110.3458989","location":"6 & 7 Main Bazaar, 93000 Kuching, Sarawak, Malaysia","latitude":"1.5595408","price_range":"Room rates : RM 250 - RM 550","name":"The Ranee Boutique Suite","id":"28","picture":"..\/img\/places\/accomodation\/The_Ranee_Boutique_Suite.png"}]