[{"website":"","description":"Laundry Services","longitude":"110.353108","opening_hours":"8am-5pm","location":"Jalan Song Thian Cheock","latitude":"1.554965","price_range":"-","name":"Two Plus One","id":"0","picture":"..\/img\/places\/laundry_services\/Two_Plus_One.png"},{"website":"www.facebook.com\/pages\/Apple-Laundry\/309232562518195","description":"Laundry Services","longitude":"110.351716","opening_hours":"10am-10pm","location":"Jalan Tunku Abdul Rahman,Bukit Mata, 93100 Kuching, Malaysia","latitude":"1.556048","price_range":"-","name":"Apple Laundry","id":"1","picture":"..\/img\/places\/laundry_services\/Apple_Laundry.png"},{"website":"","description":"Laundry Services","longitude":"110.355649","opening_hours":"8am-5pm","location":"105 Jalan Padungan 93100 Kuching, Sarawak","latitude":"1.556142","price_range":"Rm$6.00 per kilogram","name":"Spot Free Laundry","id":"2","picture":"..\/img\/places\/laundry_services\/Spot_Free_Laundry.png"},{"website":"","description":"Laundry Services","longitude":"110.348074","opening_hours":"8am-5pm","location":"Jalan Leboh Wayang","latitude":"1.557705","price_range":"Rm$5.00 per kilogram","name":"My Express Laundry Services","id":"3","picture":"..\/img\/places\/laundry_services\/My_Express_Laundry_Services.png"}]