[{"description":"Club, Bar Alcoholic Beverages: Beer,Wines,Spirits","longitude":"110.351765","opening_hours":"Opening hours Mon-Sat(8pm-2am)","location":"93100 Kuching, Sarawak","latitude":"1.556168","price_range":"RM 15-250","name":"The Knights","id":"0","picture":"..\/img\/places\/night_spots\/The_Knights.png"},{"description":"Pub and Club Alcoholic and Non-Alcoholic Beverages-Beer-Wines-Whisky-Assorted Spirits ","longitude":"110.348581","opening_hours":"Opening hours Mon-Sat8pm-2:30am)Sunday Closed","location":"80, 82 & 84 Wayang Street, 93000 Kuchinhg, Sarawak ","latitude":"1.556037","price_range":"RM 8-250","name":"Havana","id":"1","picture":"..\/img\/places\/night_spots\/Havana.png"},{"description":"Alcoholic beverages Beer,Wines, liquor, whisky ","longitude":"110.354967","opening_hours":"Opening hours Mon-Sun(2:00 pm - 2:00 am","location":"Lot 228, G\/F, S\/L 1, No. 50, Wisma Ho Ho Lim, Jalan Abell, 93100 Kuching, Malaysia","latitude":"1.556809","price_range":"RM 10-250","name":"The Shore bistro","id":"2","picture":"..\/img\/places\/night_spots\/The_Shore_bistro.png"},{"description":"ClubAlcoholic and Non-alcoholic beverages  Beer, Wines,liquor,Whisky ","longitude":"110.354173","opening_hours":"Opening hours Mon-Sat(8:00pm-2:00am)","location":"Jln Padungan Bukit Mata Kuching","latitude":"1.556308","price_range":"RM 14-250","name":"Grappa","id":"3","picture":"..\/img\/places\/night_spots\/Grappa.png"},{"description":"Alcoholic and Non-alcoholic beverages  Beer, Wines,liquor,Whisky ","longitude":"110.354173","opening_hours":"opening hours Mon-Sat(8:00pm-2:00am)","location":"62 Jalan Padungan , 93100 Kuching, Malaysia","latitude":"1.556308","price_range":"","name":"Cock And Bull","id":"4","picture":"..\/img\/places\/night_spots\/Cock_And_Bull.png"},{"description":"","longitude":"110.355871","opening_hours":"Opening hours Mon-Sat(8:00pm-2:00am)","location":"Ground Floor, Lot 231, Section 49,, Jalan Tunku Abdul Rahman,, 93100 Kuching","latitude":"1.556954","price_range":"RM 14-250","name":"Trance Lounge ","id":"5","picture":"..\/img\/places\/night_spots\/Trance_Lounge.png"},{"description":"Pub\/ClubAlcoholic and Non-alcoholic beverages  Beer, Wines,liquor,Whisky ","longitude":"110.348468","opening_hours":"Opening hours Mon-Sat(8:00pm-2:00am)","location":"80, 82 & 84 Wayang Street, 93000 Kuchinhg, Sarawak ","latitude":"1.555981","price_range":"RM 14-250","name":"Backstage","id":"6","picture":"..\/img\/places\/night_spots\/Backstage.png"},{"description":"Bar\/ClubAlcoholic and Non-alcoholic beverages  Beer, Wines,liquor,Whisky ","longitude":"110.35487","opening_hours":"Opening hours Mon-Sat(8:00pm-2:00am)","location":"Jalan Tunku Abdul Rahman, Kuching, Sarawak 93100, Malaysia","latitude":"1.556895","price_range":"RM 14-250","name":"The Curve","id":"7","picture":"..\/img\/places\/night_spots\/The_Curve.png"}]