[{"website":"-","description":"Famous Lebanese   Grilled Arabic chicken\/Beef style-Grilled Fish-Famous Arabic appetizers Alcohol Beverage and Non Alcohol (Beer Wines, Spirits ) ,Shisha","contact_number":"(082) 247 523","longitude":"110.344761","opening_hours":"-","location":"49 Wayang Street 93000 Kuching, Sarawak","latitude":"1.558992","price_range":"RM 10-50","email":"","name":"Little Lebanon","id":"0","picture":"..\/img\/places\/restaurants\/Little_Lebanon.png"},{"website":"-","description":"Western and Malay Cuisine ","contact_number":"-","longitude":"110.349356","opening_hours":"Mon-Sun (10:00am-10:00pm)","location":"Jalan Tunku Abdul Rahman, 93100 Kuching, Sarawak, Malaysia","latitude":"1.557496","price_range":"RM 10-50","email":"","name":"James Brookes ","id":"1","picture":"..\/img\/places\/restaurants\/James_Brooks_.png"},{"website":"-","description":"-Satay -Kolo mee-fish ball noodle -Kueh Chap-Chinese food","contact_number":"-","longitude":"110.34555","opening_hours":"Mon-Sun(8:00am-10:00pm)","location":"Carpenter St, Kuching, Sarawak 93300, Malaysia","latitude":"1.558582","price_range":"RM 5 -15","email":"","name":"Lau Ya Keng","id":"2","picture":"..\/img\/places\/restaurants\/Lau_Ya_Keng.png"},{"website":"lifecafe.com.my\/life-cafe-kuching-sentral\/","description":"-Taiwanese Spicy Noodles -Taiwanese dumplings","contact_number":"082-425 707 ","longitude":"110.347819","opening_hours":"Mon-Sun (10:00am-10:00pm)","location":"Brighton Square Kuching","latitude":"1.557624","price_range":"RM 5 -15","email":"","name":"Life Cafe","id":"3","picture":"..\/img\/places\/restaurants\/Life_Cafe.png"},{"website":"-","description":"Night Lounge and restaurant Famous Food Items- Chicken platters -Western appetizers-Laksa ","contact_number":"+60 82-411 605","longitude":"110.345981","opening_hours":"Mon-Sun (10:00am-Midnight)","location":"Level 4, Taman Letak Kereta, Jalan Bukit Mata Kucing, Kuching","latitude":"1.559909","price_range":"RM10-50","email":" kuching_station@hotmail.com","name":"On Top Lounge","id":"4","picture":"..\/img\/places\/restaurants\/On_Top_Lounge.png"},{"website":"-","description":"Famous local Food Items:-Puyah-Ayam-Daging-Bawal","contact_number":"082-234 385","longitude":"110.351356","opening_hours":"Mon-Sun(10am-Midnight)","location":"C56, Taman Sri Sarawak Mall, Jln Padungan, 93100 Kuching, Malaysia","latitude":"1.556101","price_range":"RM 5-10","email":"","name":"Kuching Station","id":"5","picture":"..\/img\/places\/restaurants\/Kuching_Station.png"},{"website":" www.stationone.com.my","description":"Western and Malay Cusine Live band music, Alcoholic and Non-alcoholic Beverages","contact_number":" 03-9130 6466 EXT 117 ","longitude":"110.351375","opening_hours":"Mon-Sun(10am-Midnight)","location":"8 Jalan Bukit Mata, Kuching, Sarawak ","latitude":"1.555211","price_range":"RM 10-30","email":"","name":"Station One Leisure Cafe","id":"6","picture":"..\/img\/places\/restaurants\/Station_One_Leisure_Cafe.png"},{"website":"-","description":"Famous Food items-Western cuisine-Italian pizza-Spaghetti-Beef Steak-Malay Cuisine ","contact_number":"082-259 450 ","longitude":"110.34838","opening_hours":"Mon-Sat(10:00am-11:00pm)","location":"80, 82 & 84 Wayang Street, 93000 Kuchinhg, Sarawak ","latitude":"1.555981","price_range":"RM 20 - 60","email":"","name":"The Junk Restaurant","id":"7","picture":"..\/img\/places\/restaurants\/The_Junk_Restaurant.png"},{"website":"-","description":"Famous Beef Noodles Famous Food Items-Beef Noddle-laksa-chicken Rice-Satay-Kolo Mee","contact_number":"-","longitude":"110.348281","opening_hours":" For Breakfast and Dinner only(Breakfast (8:00am-12:00pm) Dinner (6:00pm-9:00pm)","location":"Wayang Street, Kuching, Malaysia","latitude":"1.556327","price_range":"RM 3 -5","email":"","name":"Green Hill Corner","id":"8","picture":"..\/img\/places\/restaurants\/Green_Hill_Cornor.png"},{"website":"-","description":"Famous food items-Kolo Mee-Laksa-fried noodle","contact_number":"+60 82-F1:F2758329","longitude":"110.349468","opening_hours":"Mon-Sun(10:00am-10:00pm)","location":"Jalan Greenhill, Kuching, Malaysia ","latitude":"1.55637","price_range":"RM 5-20","email":"","name":"Johns place","id":"9","picture":"..\/img\/places\/restaurants\/Johns_place.png"},{"website":"-","description":" Famous Food Items-Ayam Bakar (various Malay Grilled chicken style )-Laksa-Kolo Mee-Baked Fish with traditional Sambal-Mihun Goreng Ala Thai (Singapore style fried rice)Non-Alcoholic Drinks ","contact_number":"+60 82-428","longitude":"110.350702","opening_hours":"Mon - Wed: 11:00 - 00:00Fri - Sun: 11:00 - 00:00)","location":"Lot 281, G & 1st Floor,Taman Sri Sarawak, Jalan Borneo, 93100 Kuching, Malaysia","latitude":"1.556927","price_range":"RM 10-15","email":"","name":"Tumis","id":"10","picture":"..\/img\/places\/restaurants\/Tumis.png"},{"website":"tribalstove.com\/","description":"Kelabit Highland Cuisine                                                               Famous Food Items-Buaq Peter or Petai (Stink Beans)-Friend anchovies -Friend Chicken bits-luang Matang -Lamud busaq Keluduh ( traditional Wild flower  organic salad)-Signature Pineapple curry  -Pauh payah(wild Midin)(local Sarawakian Favorited jungle pick cooked with black fungus-Udung Ubih (wild Tropica leaf)","contact_number":"082-234873","longitude":"110.350748","opening_hours":"Mon-Sat 11:30am to 10:30pmSunday Closed","location":"","latitude":"1.557254","price_range":"RM 10-25","email":"","name":"Tribal Stove","id":"11","picture":"..\/img\/places\/restaurants\/Tribal_Stove.png"},{"website":"www.carvery.com.my\/","description":"Steakhouse and Buffet ( Brazilian Churrascaria BBQ) Drinking Bar-Alcoholic and Non-Alcoholic beverages Beer,Wines, liquor ","contact_number":"082-239 449 ","longitude":"110.354016","opening_hours":"Mon-Sun(2:00pm-10:00pm)","location":"Abell Hotel,, 22 Jalan Tunku Abdul Rahman, 93450 Kuching ","latitude":"1.557453","price_range":"RM25-80","email":"","name":"Carvery","id":"12","picture":"..\/img\/places\/restaurants\/Carvery.png"},{"website":"-","description":"Japanese Seafood-Sushi-Sashimi","contact_number":"012-8832433","longitude":"110.354703","opening_hours":"Opening HoursMon-sun 6:00pm-10:00pm","location":"Lot 164, Jalan Chan Chin Ann, 93100 Kuching, Malaysia","latitude":"1.557871","price_range":"RM5-20","email":"","name":"Sanga","id":"13","picture":"..\/img\/places\/restaurants\/Sanga.png"},{"website":"-","description":"Famous food items -Ayam Bakar , -Ayam penyat (Grilled chicken) ","contact_number":"082-414 797","longitude":"110.35487","opening_hours":"Opening hours Mon-Sun(10:00am-11:00pm)","location":"Lot 294,  Jalan Abell, 93100, Kuching, Sarawak","latitude":"1.556895","price_range":"RM 5-10","email":"","name":"RJ Ayam Bakar","id":"14","picture":"..\/img\/places\/restaurants\/RJ_Ayam_Bakar.png"},{"website":"-","description":"Famous Food Items-western cuisine-Grilled chicken-Fish&Chips  Alcoholic and Non-Alchoholic beverages   Beer, wines,liquor","contact_number":"012-290 6807","longitude":"110.352827","opening_hours":"Opening hours (Mon: 10:00 - 15:00, 17:00 - 00:00)Wed - Sun: (10:00 - 15:00, 17:00 - 00:00)","location":"Lot 1,2, 1A & 2A Ground Floor, Wisma Phoenix, Jalan Song Thian Cheok, 93100 Kuching, Malaysia","latitude":"1.554246","price_range":"RM 20-50","email":"","name":"The Den Restaurant ","id":"15","picture":"..\/img\/places\/restaurants\/The_Den_Restaurant_.png"},{"website":"-","description":" Fresh baked Pies","contact_number":"016-889 1693 ","longitude":"110.353084","opening_hours":"Opening hours Thursday hours 9:30 am-10:00 pm","location":"No: 14, Ground Floor, Wisma Phoniex,  Song Thian Cheok Road,, 93250 Kuching, Sarawak","latitude":"1.554458","price_range":"RM 7-20","email":"","name":"Johns Pie","id":"16","picture":"..\/img\/places\/restaurants\/Johns_Pie.png"},{"website":"-","description":"Middle East RestaurantLast Updated by Omar yesterdayFamous Lebanese Food -Grilled Arabic chicken\/Beef style-Grilled Fish-Famous Arabic appetizers Alcohol Beverage and Non Alcohol (Beer Wines, Spirits ) ,Shisha","contact_number":"082-251 462 ","longitude":"110.353076","opening_hours":"Thursday hours 7:00 am-11:30 pm","location":"360 Jalan Song Thian Cheok, 93100 Kuching, Sarawak ","latitude":"1.554442","price_range":"RM 10-20","email":"","name":"Middle East Restaurant ","id":"17","picture":"..\/img\/places\/restaurants\/Middle_East_Restaurant_.png"},{"website":"www.scr.my\/","description":"local and western foodFamous food items-steamed chicken rice-Roasted Chicken rice-Laksa-Fried noodles","contact_number":"082-33 0776","longitude":"110.35342","opening_hours":"Mon-Sun(10:00am-10:00pm)","location":"Lot 176-177, Jln Song Thian Cheok, 93100 Kuching, Sarawak","latitude":"1.555246","price_range":"RM 5-10","email":"","name":"SCR-Singapore Chicken Rice","id":"18","picture":"..\/img\/places\/restaurants\/SCR-Singapore_Chicken_Rice.png"},{"website":"-","description":"Famous Food items BBQ pork and duck","contact_number":"082-257911","longitude":"110.353942","opening_hours":"Mon-Sun(10:00am-9:00pm)","location":"36, Jalan Padungan, 93100 Kuching, Sarawak.","latitude":"1.556461","price_range":"RM 4-10","email":"","name":"Chinese Barbecue Specialist","id":"19","picture":"..\/img\/places\/restaurants\/Chinese_Barbecue_Specialist_.png"},{"website":"-","description":"Indian food Famous food items -Mee Goreng Mamak-Goreng Mamak-Nasi Bryani kamping-Nasi Bryani Kari","contact_number":"-","longitude":"110.354227","opening_hours":"Mon-Sun(10:00am-8:00pm)","location":"Jalan Padungan, Kuching, Malaysia","latitude":"1.556498","price_range":"RM 10-25","email":"","name":"MAHARAJAH Cuisine ","id":"20","picture":"..\/img\/places\/restaurants\/MAHARAJAH_Cuisine_.png"},{"website":"-","description":"Vegeterian Restaurant ","contact_number":"082-238 752 ","longitude":"110.357308","opening_hours":"Mon-Sun(10:00am-8:00pm)","location":"SL 105, Jalan Abell, 93100, Kuching, Sarawak93100","latitude":"1.556777","price_range":"RM 10-15","email":"","name":"Popular Vegetarian Restaurant","id":"21","picture":"..\/img\/places\/restaurants\/Popular_Vegetarian_Restaurant.png"},{"website":"-","description":"Western and local cuisine ","contact_number":"+60 82 248 896","longitude":"110.351093","opening_hours":"Mon-Sun(10:00am-8:00pm)","location":"","latitude":"1.559866","price_range":"RM 10-25","email":"","name":"Khatulistiwa Cafe","id":"22","picture":"..\/img\/places\/restaurants\/Khatulistiwa_Cafe_RestaurantJalan_Tunku_Abdul_Rahman,_Kuching,_Malaysia_.png"},{"website":"-","description":"Famous Seafood food court","contact_number":"-","longitude":"110.352407","opening_hours":"Mon-Sun(6:00pm-10:00pm)","location":"Jln Padungan | Bukit Mata Kuching, Kuching, Malaysia","latitude":"1.556434","price_range":" RM16 - RM31 ","email":"","name":"Top Spot Food court","id":"23","picture":"..\/img\/places\/restaurants\/Top_Spot_Food_court.png"},{"website":"www.mcdonalds.com.my\/locator\/restaurant.asp?type=state&str=Sarawak","description":"Fastfood ","contact_number":"082 - 237 288","longitude":"110352985","opening_hours":"24 Hours ","location":"2nd Floor, Lot 268 - 269 Jalan Tuanku Abdul Rahman","latitude":"1.556434","price_range":"RM5-20","email":"","name":"McDonalds Kuching","id":"24","picture":"..\/img\/places\/restaurants\/McDonalds_Kuching.png"}]